identifier,date,set,download,doi,title,record,html
oai:ojs.crae.mcgill.ca:article/195,2022-12-19T12:33:59Z,seis:ART,https://seismica.library.mcgill.ca/article/download/195/286,https://doi.org/10.26443/seismica.v1i1.195,Seismic interferometry in the presence of an isolated noise source,https://seismica.library.mcgill.ca/oai?metadataPrefix=oai_dc&verb=GetRecord&identifier=oai:ojs.crae.mcgill.ca:article/195,https://seismica.library.mcgill.ca/article/view/195
oai:ojs.crae.mcgill.ca:article/196,2022-12-19T12:33:59Z,seis:ART,https://seismica.library.mcgill.ca/article/download/196/245,https://doi.org/10.26443/seismica.v1i1.196,"Tilt Corrections for Normal Mode Observations on Ocean Bottom Seismic Data, an example from the PI-LAB experiment",https://seismica.library.mcgill.ca/oai?metadataPrefix=oai_dc&verb=GetRecord&identifier=oai:ojs.crae.mcgill.ca:article/196,https://seismica.library.mcgill.ca/article/view/196
oai:ojs.crae.mcgill.ca:article/197,2023-06-02T20:54:57Z,seis:ART,https://seismica.library.mcgill.ca/article/download/197/239,https://doi.org/10.26443/seismica.v1i1.197,The root to the Galpagos mantle plume on the core-mantle boundary,https://seismica.library.mcgill.ca/oai?metadataPrefix=oai_dc&verb=GetRecord&identifier=oai:ojs.crae.mcgill.ca:article/197,https://seismica.library.mcgill.ca/article/view/197
oai:ojs.crae.mcgill.ca:article/201,2022-12-19T12:33:59Z,seis:ART,https://seismica.library.mcgill.ca/article/download/201/300,https://doi.org/10.26443/seismica.v1i1.201,A Bayesian approach to the tomographic problem with constraints from geodynamic modeling: Application to a synthetic subduction zone,https://seismica.library.mcgill.ca/oai?metadataPrefix=oai_dc&verb=GetRecord&identifier=oai:ojs.crae.mcgill.ca:article/201,https://seismica.library.mcgill.ca/article/view/201
oai:ojs.crae.mcgill.ca:article/208,2023-06-08T21:52:03Z,seis:ART,https://seismica.library.mcgill.ca/article/download/208/306,https://doi.org/10.26443/seismica.v2i1.208,"3D Paleoseismology from iOS Lidar and Structure from Motion Photogrammetry: a case study on the Dog Valley fault, California",https://seismica.library.mcgill.ca/oai?metadataPrefix=oai_dc&verb=GetRecord&identifier=oai:ojs.crae.mcgill.ca:article/208,https://seismica.library.mcgill.ca/article/view/208
oai:ojs.crae.mcgill.ca:article/212,2023-07-03T14:59:34Z,seis:ART,https://seismica.library.mcgill.ca/article/download/212/1041,https://doi.org/10.26443/seismica.v2i1.212,Exploring the Effect of Minimum Magnitude on California Seismic Hazard Maps,https://seismica.library.mcgill.ca/oai?metadataPrefix=oai_dc&verb=GetRecord&identifier=oai:ojs.crae.mcgill.ca:article/212,https://seismica.library.mcgill.ca/article/view/212
oai:ojs.crae.mcgill.ca:article/213,2023-06-08T21:52:03Z,seis:ART,https://seismica.library.mcgill.ca/article/download/213/502,https://doi.org/10.26443/seismica.v2i1.213,Ocean Surface Gravity Wave Excitation of Flexural Gravity and Extensional Lamb Waves in Ice Shelves,https://seismica.library.mcgill.ca/oai?metadataPrefix=oai_dc&verb=GetRecord&identifier=oai:ojs.crae.mcgill.ca:article/213,https://seismica.library.mcgill.ca/article/view/213
oai:ojs.crae.mcgill.ca:article/217,2022-12-19T12:33:59Z,seis:FR,https://seismica.library.mcgill.ca/article/download/217/280,https://doi.org/10.26443/seismica.v1i1.217,"Source Model and Characteristics of the 27 July 2022 MW 7.0 Northwestern Luzon Earthquake, Philippines",https://seismica.library.mcgill.ca/oai?metadataPrefix=oai_dc&verb=GetRecord&identifier=oai:ojs.crae.mcgill.ca:article/217,https://seismica.library.mcgill.ca/article/view/217
oai:ojs.crae.mcgill.ca:article/220,2023-06-08T21:52:03Z,seis:ART,https://seismica.library.mcgill.ca/article/download/220/389,https://doi.org/10.26443/seismica.v2i1.220,PyRaysum: Software for Modeling Ray-theoretical Plane Body-wave Propagation in Dipping Anisotropic Media,https://seismica.library.mcgill.ca/oai?metadataPrefix=oai_dc&verb=GetRecord&identifier=oai:ojs.crae.mcgill.ca:article/220,https://seismica.library.mcgill.ca/article/view/220
oai:ojs.crae.mcgill.ca:article/239,2023-06-08T21:52:03Z,seis:ART,https://seismica.library.mcgill.ca/article/download/239/405,https://doi.org/10.26443/seismica.v2i1.239,Validation of Peak Ground Velocities Recorded on Very-high rate GNSS Against NGA-West2 Ground Motion Models,https://seismica.library.mcgill.ca/oai?metadataPrefix=oai_dc&verb=GetRecord&identifier=oai:ojs.crae.mcgill.ca:article/239,https://seismica.library.mcgill.ca/article/view/239
oai:ojs.crae.mcgill.ca:article/240,2023-06-08T21:52:03Z,seis:ART,https://seismica.library.mcgill.ca/article/download/240/924,https://doi.org/10.26443/seismica.v2i1.240,Deep learning for denoising High-Rate Global Navigation Satellite System data,https://seismica.library.mcgill.ca/oai?metadataPrefix=oai_dc&verb=GetRecord&identifier=oai:ojs.crae.mcgill.ca:article/240,https://seismica.library.mcgill.ca/article/view/240
oai:ojs.crae.mcgill.ca:article/241,2023-06-08T21:52:03Z,seis:ART,https://seismica.library.mcgill.ca/article/download/241/487,https://doi.org/10.26443/seismica.v2i1.241,When are Non-Double-Couple Components of Seismic Moment Tensors Reliable?,https://seismica.library.mcgill.ca/oai?metadataPrefix=oai_dc&verb=GetRecord&identifier=oai:ojs.crae.mcgill.ca:article/241,https://seismica.library.mcgill.ca/article/view/241
oai:ojs.crae.mcgill.ca:article/242,2024-01-02T15:20:49Z,seis:Opinion,https://seismica.library.mcgill.ca/article/download/242/1120,https://doi.org/10.26443/seismica.v2i2.242,A Call to Action for a Comprehensive Earthquake Education Policy in Nepal,https://seismica.library.mcgill.ca/oai?metadataPrefix=oai_dc&verb=GetRecord&identifier=oai:ojs.crae.mcgill.ca:article/242,https://seismica.library.mcgill.ca/article/view/242
oai:ojs.crae.mcgill.ca:article/245,2023-06-08T21:52:03Z,seis:reports,https://seismica.library.mcgill.ca/article/download/245/341,https://doi.org/10.26443/seismica.v2i1.245,Self-sufficient seismic boxes for monitoring glacier seismology,https://seismica.library.mcgill.ca/oai?metadataPrefix=oai_dc&verb=GetRecord&identifier=oai:ojs.crae.mcgill.ca:article/245,https://seismica.library.mcgill.ca/article/view/245
oai:ojs.crae.mcgill.ca:article/246,2023-06-08T21:52:03Z,seis:ART,https://seismica.library.mcgill.ca/article/download/246/1008,https://doi.org/10.26443/seismica.v2i1.246,Co-seismic slip of the 18 April 2021 Mw 5.9 Genaveh earthquake in the South Dezful Embayment of Zagros (Iran) and its aftershock sequence,https://seismica.library.mcgill.ca/oai?metadataPrefix=oai_dc&verb=GetRecord&identifier=oai:ojs.crae.mcgill.ca:article/246,https://seismica.library.mcgill.ca/article/view/246
oai:ojs.crae.mcgill.ca:article/247,2024-01-02T15:20:49Z,seis:ART,https://seismica.library.mcgill.ca/article/download/247/1118,https://doi.org/10.26443/seismica.v2i2.247,Spatiotemporal evaluation of Rayleigh surface wave estimated from roadside dark fiber DAS array and traffic noise,https://seismica.library.mcgill.ca/oai?metadataPrefix=oai_dc&verb=GetRecord&identifier=oai:ojs.crae.mcgill.ca:article/247,https://seismica.library.mcgill.ca/article/view/247
oai:ojs.crae.mcgill.ca:article/252,2023-06-08T21:52:03Z,seis:ART,https://seismica.library.mcgill.ca/article/download/252/1062,https://doi.org/10.26443/seismica.v2i1.252,Estimates of earthquake temperature rise and frictional energy,https://seismica.library.mcgill.ca/oai?metadataPrefix=oai_dc&verb=GetRecord&identifier=oai:ojs.crae.mcgill.ca:article/252,https://seismica.library.mcgill.ca/article/view/252
oai:ojs.crae.mcgill.ca:article/253,2022-12-19T12:33:59Z,seis:FR,https://seismica.library.mcgill.ca/article/download/253/270,https://doi.org/10.26443/seismica.v1i1.253,Locating the Nordstream explosions using polarization analysis,https://seismica.library.mcgill.ca/oai?metadataPrefix=oai_dc&verb=GetRecord&identifier=oai:ojs.crae.mcgill.ca:article/253,https://seismica.library.mcgill.ca/article/view/253
oai:ojs.crae.mcgill.ca:article/255,2023-03-07T14:14:00Z,seis:Editorials,https://seismica.library.mcgill.ca/article/download/255/284,https://doi.org/10.26443/seismica.v1i1.255,The launch of Seismica:  a seismic shift in publishing,https://seismica.library.mcgill.ca/oai?metadataPrefix=oai_dc&verb=GetRecord&identifier=oai:ojs.crae.mcgill.ca:article/255,https://seismica.library.mcgill.ca/article/view/255
oai:ojs.crae.mcgill.ca:article/272,2024-01-02T15:20:49Z,seis:ART,https://seismica.library.mcgill.ca/article/download/272/1127,https://doi.org/10.26443/seismica.v2i2.272,Seismic Architecture of the Lithosphere-Asthenosphere System in the Western United States from a Joint Inversion of Body- and Surface-wave Observations: Distribution of Partial Melt in the Upper Mantle,https://seismica.library.mcgill.ca/oai?metadataPrefix=oai_dc&verb=GetRecord&identifier=oai:ojs.crae.mcgill.ca:article/272,https://seismica.library.mcgill.ca/article/view/272
oai:ojs.crae.mcgill.ca:article/278,2023-06-08T21:52:03Z,seis:ART,https://seismica.library.mcgill.ca/article/download/278/1039,https://doi.org/10.26443/seismica.v2i1.278,How reproducible and reliable is geophysical research? A review of the availability and accessibility of data and software for research published in journals,https://seismica.library.mcgill.ca/oai?metadataPrefix=oai_dc&verb=GetRecord&identifier=oai:ojs.crae.mcgill.ca:article/278,https://seismica.library.mcgill.ca/article/view/278
oai:ojs.crae.mcgill.ca:article/282,2023-06-08T21:52:03Z,seis:ART,https://seismica.library.mcgill.ca/article/download/282/560,https://doi.org/10.26443/seismica.v2i1.282,Interacting Seismic Waveguides: Multimode Surface Waves and Leaking Modes,https://seismica.library.mcgill.ca/oai?metadataPrefix=oai_dc&verb=GetRecord&identifier=oai:ojs.crae.mcgill.ca:article/282,https://seismica.library.mcgill.ca/article/view/282
oai:ojs.crae.mcgill.ca:article/285,2024-01-02T15:20:49Z,seis:ART,https://seismica.library.mcgill.ca/article/download/285/1171,https://doi.org/10.26443/seismica.v2i2.285,Recent seismicity on the Kerguelen islands: Kerguelen seismicity,https://seismica.library.mcgill.ca/oai?metadataPrefix=oai_dc&verb=GetRecord&identifier=oai:ojs.crae.mcgill.ca:article/285,https://seismica.library.mcgill.ca/article/view/285
oai:ojs.crae.mcgill.ca:article/324,2023-06-15T03:57:01Z,seis:ART,https://seismica.library.mcgill.ca/article/download/324/1084,https://doi.org/10.26443/seismica.v2i1.324,Major California faults are smooth across multiple scales at seismogenic depth,https://seismica.library.mcgill.ca/oai?metadataPrefix=oai_dc&verb=GetRecord&identifier=oai:ojs.crae.mcgill.ca:article/324,https://seismica.library.mcgill.ca/article/view/324
oai:ojs.crae.mcgill.ca:article/367,2025-01-24T18:23:44Z,seis:ART,https://seismica.library.mcgill.ca/article/download/367/1250,https://doi.org/10.26443/seismica.v3i1.367,Ocean Bottom Seismometer Clock Correction using Ambient Seismic Noise,https://seismica.library.mcgill.ca/oai?metadataPrefix=oai_dc&verb=GetRecord&identifier=oai:ojs.crae.mcgill.ca:article/367,https://seismica.library.mcgill.ca/article/view/367
oai:ojs.crae.mcgill.ca:article/368,2023-10-26T19:31:11Z,seis:reports,https://seismica.library.mcgill.ca/article/download/368/866,https://doi.org/10.26443/seismica.v2i1.368,Curated Pacific Northwest AI-ready Seismic Dataset,https://seismica.library.mcgill.ca/oai?metadataPrefix=oai_dc&verb=GetRecord&identifier=oai:ojs.crae.mcgill.ca:article/368,https://seismica.library.mcgill.ca/article/view/368
oai:ojs.crae.mcgill.ca:article/384,2024-01-02T15:20:49Z,seis:ART,https://seismica.library.mcgill.ca/article/download/384/1137,https://doi.org/10.26443/seismica.v2i2.384,Assessing earthquake rates and b-value given spatiotemporal variation in catalog completeness: Application to Atlantic Canada,https://seismica.library.mcgill.ca/oai?metadataPrefix=oai_dc&verb=GetRecord&identifier=oai:ojs.crae.mcgill.ca:article/384,https://seismica.library.mcgill.ca/article/view/384
oai:ojs.crae.mcgill.ca:article/385,2024-01-02T15:20:49Z,seis:ART,https://seismica.library.mcgill.ca/article/download/385/1116,https://doi.org/10.26443/seismica.v2i2.385,False positives are common in single-station template matching,https://seismica.library.mcgill.ca/oai?metadataPrefix=oai_dc&verb=GetRecord&identifier=oai:ojs.crae.mcgill.ca:article/385,https://seismica.library.mcgill.ca/article/view/385
oai:ojs.crae.mcgill.ca:article/386,2024-07-05T13:49:44Z,seis:ART,https://seismica.library.mcgill.ca/article/download/386/1248,https://doi.org/10.26443/seismica.v3i1.386,Influence of outer-rise faults on shallow dcollement heterogeneity and sediment flux at the Japan trench,https://seismica.library.mcgill.ca/oai?metadataPrefix=oai_dc&verb=GetRecord&identifier=oai:ojs.crae.mcgill.ca:article/386,https://seismica.library.mcgill.ca/article/view/386
oai:ojs.crae.mcgill.ca:article/387,2023-07-03T15:54:17Z,seis:FR,https://seismica.library.mcgill.ca/article/download/387/521,https://doi.org/10.26443/seismica.v2i3.387,Sub- and super-shear ruptures during the 2023 Mw 7.8 and Mw 7.6 earthquake doublet in SE Trkiye,https://seismica.library.mcgill.ca/oai?metadataPrefix=oai_dc&verb=GetRecord&identifier=oai:ojs.crae.mcgill.ca:article/387,https://seismica.library.mcgill.ca/article/view/387
oai:ojs.crae.mcgill.ca:article/388,2024-01-02T15:20:49Z,seis:ART,https://seismica.library.mcgill.ca/article/download/388/1233,https://doi.org/10.26443/seismica.v2i2.388,Bayesian eikonal tomography using Gaussian processes,https://seismica.library.mcgill.ca/oai?metadataPrefix=oai_dc&verb=GetRecord&identifier=oai:ojs.crae.mcgill.ca:article/388,https://seismica.library.mcgill.ca/article/view/388
oai:ojs.crae.mcgill.ca:article/389,2024-01-02T15:20:49Z,seis:ART,https://seismica.library.mcgill.ca/article/download/389/1134,https://doi.org/10.26443/seismica.v2i2.389,Local station correlation: large N-arrays and DAS,https://seismica.library.mcgill.ca/oai?metadataPrefix=oai_dc&verb=GetRecord&identifier=oai:ojs.crae.mcgill.ca:article/389,https://seismica.library.mcgill.ca/article/view/389
oai:ojs.crae.mcgill.ca:article/402,2024-01-02T15:20:49Z,seis:ART,https://seismica.library.mcgill.ca/article/download/402/1207,https://doi.org/10.26443/seismica.v2i2.402,Homogenizing instrumental earthquake catalogs  a case study around the Dead Sea Transform Fault Zone,https://seismica.library.mcgill.ca/oai?metadataPrefix=oai_dc&verb=GetRecord&identifier=oai:ojs.crae.mcgill.ca:article/402,https://seismica.library.mcgill.ca/article/view/402
oai:ojs.crae.mcgill.ca:article/470,2024-01-02T15:20:49Z,seis:Opinion,https://seismica.library.mcgill.ca/article/download/470/1110,https://doi.org/10.26443/seismica.v2i2.470,"The need for open, transdisciplinary, and ethical science in seismology",https://seismica.library.mcgill.ca/oai?metadataPrefix=oai_dc&verb=GetRecord&identifier=oai:ojs.crae.mcgill.ca:article/470,https://seismica.library.mcgill.ca/article/view/470
oai:ojs.crae.mcgill.ca:article/498,2024-01-02T15:20:49Z,seis:ART,https://seismica.library.mcgill.ca/article/download/498/1217,https://doi.org/10.26443/seismica.v2i2.498,Inferring rock strength and fault activation from high-resolution in situ Vp/Vs estimates surrounding induced earthquake clusters,https://seismica.library.mcgill.ca/oai?metadataPrefix=oai_dc&verb=GetRecord&identifier=oai:ojs.crae.mcgill.ca:article/498,https://seismica.library.mcgill.ca/article/view/498
oai:ojs.crae.mcgill.ca:article/499,2024-01-02T15:20:49Z,seis:ART,https://seismica.library.mcgill.ca/article/download/499/1174,https://doi.org/10.26443/seismica.v2i2.499,Continuous isolated noise sources induce repeating waves in the coda of ambient noise correlations,https://seismica.library.mcgill.ca/oai?metadataPrefix=oai_dc&verb=GetRecord&identifier=oai:ojs.crae.mcgill.ca:article/499,https://seismica.library.mcgill.ca/article/view/499
oai:ojs.crae.mcgill.ca:article/502,2023-07-13T12:12:37Z,seis:FR,https://seismica.library.mcgill.ca/article/download/502/864,https://doi.org/10.26443/seismica.v2i3.502,"Slip distribution of the February 6, 2023 Mw 7.8 and Mw 7.6, Kahramanmara, Turkey earthquake sequence in the East Anatolian Fault Zone",https://seismica.library.mcgill.ca/oai?metadataPrefix=oai_dc&verb=GetRecord&identifier=oai:ojs.crae.mcgill.ca:article/502,https://seismica.library.mcgill.ca/article/view/502
oai:ojs.crae.mcgill.ca:article/527,2024-01-02T15:20:49Z,seis:ART,https://seismica.library.mcgill.ca/article/download/527/1113,https://doi.org/10.26443/seismica.v2i2.527,Geocoding Applications for Social Science to Improve Earthquake Early Warning,https://seismica.library.mcgill.ca/oai?metadataPrefix=oai_dc&verb=GetRecord&identifier=oai:ojs.crae.mcgill.ca:article/527,https://seismica.library.mcgill.ca/article/view/527
oai:ojs.crae.mcgill.ca:article/528,2023-06-08T21:52:03Z,seis:FR,https://seismica.library.mcgill.ca/article/download/528/928,https://doi.org/10.26443/seismica.v2i1.528,Could planet/sun conjunctions be used to predict large (moment magnitude  7) earthquakes?,https://seismica.library.mcgill.ca/oai?metadataPrefix=oai_dc&verb=GetRecord&identifier=oai:ojs.crae.mcgill.ca:article/528,https://seismica.library.mcgill.ca/article/view/528
oai:ojs.crae.mcgill.ca:article/624,2024-07-05T13:49:44Z,seis:ART,https://seismica.library.mcgill.ca/article/download/624/1258,https://doi.org/10.26443/seismica.v3i1.624,Dispersive Elastic Moduli and Frequency-Dependent Attenuation due to Wave-Induced Fluid Flow in Metapelite,https://seismica.library.mcgill.ca/oai?metadataPrefix=oai_dc&verb=GetRecord&identifier=oai:ojs.crae.mcgill.ca:article/624,https://seismica.library.mcgill.ca/article/view/624
oai:ojs.crae.mcgill.ca:article/691,2024-01-02T15:20:49Z,seis:ART,https://seismica.library.mcgill.ca/article/download/691/1219,https://doi.org/10.26443/seismica.v2i2.691,"The rupture plane of the February 2022 Mw 6.2 Guatemala, intermediate depth earthquake",https://seismica.library.mcgill.ca/oai?metadataPrefix=oai_dc&verb=GetRecord&identifier=oai:ojs.crae.mcgill.ca:article/691,https://seismica.library.mcgill.ca/article/view/691
oai:ojs.crae.mcgill.ca:article/692,2024-07-05T13:49:44Z,seis:ART,https://seismica.library.mcgill.ca/article/download/692/1245,https://doi.org/10.26443/seismica.v3i1.692,Virtual Shake Robot: Simulating Dynamics of Precariously Balanced Rocks for Overturning and Large-displacement Processes,https://seismica.library.mcgill.ca/oai?metadataPrefix=oai_dc&verb=GetRecord&identifier=oai:ojs.crae.mcgill.ca:article/692,https://seismica.library.mcgill.ca/article/view/692
oai:ojs.crae.mcgill.ca:article/729,2024-07-05T13:49:44Z,seis:reports,https://seismica.library.mcgill.ca/article/download/729/1422,https://doi.org/10.26443/seismica.v3i1.729,The First Network of Ocean Bottom Seismometers in the Red Sea to Investigate the Zabargad Fracture Zone,https://seismica.library.mcgill.ca/oai?metadataPrefix=oai_dc&verb=GetRecord&identifier=oai:ojs.crae.mcgill.ca:article/729,https://seismica.library.mcgill.ca/article/view/729
oai:ojs.crae.mcgill.ca:article/849,2024-01-02T15:20:49Z,seis:ART,https://seismica.library.mcgill.ca/article/download/849/1180,https://doi.org/10.26443/seismica.v2i2.849,Observation of a Synchronicity between Shallow and Deep Seismic Activities during the Foreshock Crisis Preceding the Iquique Megathrust Earthquake,https://seismica.library.mcgill.ca/oai?metadataPrefix=oai_dc&verb=GetRecord&identifier=oai:ojs.crae.mcgill.ca:article/849,https://seismica.library.mcgill.ca/article/view/849
oai:ojs.crae.mcgill.ca:article/887,2024-07-05T13:49:44Z,seis:ART,https://seismica.library.mcgill.ca/article/download/887/1449,https://doi.org/10.26443/seismica.v3i1.887,The Impact of the Three-Dimensional Structure of a Subduction Zone on Time-dependent Crustal Deformation Measured by HR-GNSS,https://seismica.library.mcgill.ca/oai?metadataPrefix=oai_dc&verb=GetRecord&identifier=oai:ojs.crae.mcgill.ca:article/887,https://seismica.library.mcgill.ca/article/view/887
oai:ojs.crae.mcgill.ca:article/953,2024-01-02T15:20:49Z,seis:ART,https://seismica.library.mcgill.ca/article/download/953/1211,https://doi.org/10.26443/seismica.v2i2.953,"The July-December 2022 earthquake sequence in the southeastern Fars arc of Zagros mountains, Iran",https://seismica.library.mcgill.ca/oai?metadataPrefix=oai_dc&verb=GetRecord&identifier=oai:ojs.crae.mcgill.ca:article/953,https://seismica.library.mcgill.ca/article/view/953
oai:ojs.crae.mcgill.ca:article/978,2024-01-02T15:20:49Z,seis:ART,https://seismica.library.mcgill.ca/article/download/978/1169,https://doi.org/10.26443/seismica.v2i2.978,Characterizing High Rate GNSS Velocity Noise for Synthesizing a GNSS Strong Motion Learning Catalog,https://seismica.library.mcgill.ca/oai?metadataPrefix=oai_dc&verb=GetRecord&identifier=oai:ojs.crae.mcgill.ca:article/978,https://seismica.library.mcgill.ca/article/view/978
oai:ojs.crae.mcgill.ca:article/979,2024-01-02T15:20:49Z,seis:reports,https://seismica.library.mcgill.ca/article/download/979/1130,https://doi.org/10.26443/seismica.v2i2.979,Seismology in the cloud: guidance for the individual researcher,https://seismica.library.mcgill.ca/oai?metadataPrefix=oai_dc&verb=GetRecord&identifier=oai:ojs.crae.mcgill.ca:article/979,https://seismica.library.mcgill.ca/article/view/979
oai:ojs.crae.mcgill.ca:article/980,2024-07-05T13:49:44Z,seis:ART,https://seismica.library.mcgill.ca/article/download/980/1481,https://doi.org/10.26443/seismica.v3i1.980,Detection of slow slip events along the southern Peru - northern Chile subduction zone,https://seismica.library.mcgill.ca/oai?metadataPrefix=oai_dc&verb=GetRecord&identifier=oai:ojs.crae.mcgill.ca:article/980,https://seismica.library.mcgill.ca/article/view/980
oai:ojs.crae.mcgill.ca:article/981,2024-07-05T13:49:44Z,seis:reports,https://seismica.library.mcgill.ca/article/download/981/1240,https://doi.org/10.26443/seismica.v3i1.981,History and activities of the European-Mediterranean Seismological Centre,https://seismica.library.mcgill.ca/oai?metadataPrefix=oai_dc&verb=GetRecord&identifier=oai:ojs.crae.mcgill.ca:article/981,https://seismica.library.mcgill.ca/article/view/981
oai:ojs.crae.mcgill.ca:article/1007,2024-07-08T08:04:28Z,seis:ART,https://seismica.library.mcgill.ca/article/download/1007/1257,https://doi.org/10.26443/seismica.v3i1.1007,DAS sensitivity to heterogeneity scales much smaller than the minimum wavelength,https://seismica.library.mcgill.ca/oai?metadataPrefix=oai_dc&verb=GetRecord&identifier=oai:ojs.crae.mcgill.ca:article/1007,https://seismica.library.mcgill.ca/article/view/1007
oai:ojs.crae.mcgill.ca:article/1009,2024-07-05T13:49:44Z,seis:reports,https://seismica.library.mcgill.ca/article/download/1009/1467,https://doi.org/10.26443/seismica.v3i1.1009,The SCEC/USGS Community Stress Drop Validation Study Using the 2019 Ridgecrest Earthquake Sequence,https://seismica.library.mcgill.ca/oai?metadataPrefix=oai_dc&verb=GetRecord&identifier=oai:ojs.crae.mcgill.ca:article/1009,https://seismica.library.mcgill.ca/article/view/1009
oai:ojs.crae.mcgill.ca:article/1011,2024-01-02T15:20:49Z,seis:ART,https://seismica.library.mcgill.ca/article/download/1011/1205,https://doi.org/10.26443/seismica.v2i2.1011,Rayleigh wave group velocities in North-West Iran: SOLA Backus-Gilbert vs. Fast Marching tomographic methods,https://seismica.library.mcgill.ca/oai?metadataPrefix=oai_dc&verb=GetRecord&identifier=oai:ojs.crae.mcgill.ca:article/1011,https://seismica.library.mcgill.ca/article/view/1011
oai:ojs.crae.mcgill.ca:article/1012,2023-09-28T17:35:55Z,seis:Opinion,https://seismica.library.mcgill.ca/article/download/1012/1159,https://doi.org/10.26443/seismica.v2i3.1012,A call from earlycareer Turkish scientists: seismic resilience is only feasible with earthquake culture,https://seismica.library.mcgill.ca/oai?metadataPrefix=oai_dc&verb=GetRecord&identifier=oai:ojs.crae.mcgill.ca:article/1012,https://seismica.library.mcgill.ca/article/view/1012
oai:ojs.crae.mcgill.ca:article/1030,2024-02-23T13:03:07Z,seis:ART,https://seismica.library.mcgill.ca/article/download/1030/1189,https://doi.org/10.26443/seismica.v2i2.1030,"Optimal Network Design for Microseismic Monitoring in Urban Areas - A Case Study in Munich, Germany",https://seismica.library.mcgill.ca/oai?metadataPrefix=oai_dc&verb=GetRecord&identifier=oai:ojs.crae.mcgill.ca:article/1030,https://seismica.library.mcgill.ca/article/view/1030
oai:ojs.crae.mcgill.ca:article/1031,2024-01-02T15:20:49Z,seis:reports,https://seismica.library.mcgill.ca/article/download/1031/1194,https://doi.org/10.26443/seismica.v2i2.1031,Automated shear-wave splitting analysis for single- and multi- layer anisotropic media,https://seismica.library.mcgill.ca/oai?metadataPrefix=oai_dc&verb=GetRecord&identifier=oai:ojs.crae.mcgill.ca:article/1031,https://seismica.library.mcgill.ca/article/view/1031
oai:ojs.crae.mcgill.ca:article/1032,2023-07-24T15:57:03Z,seis:FR,https://seismica.library.mcgill.ca/article/download/1032/1106,https://doi.org/10.26443/seismica.v2i1.1032,Imaging the Western Edge of the Aegean Shear Zone: The South Evia 2022-2023 Seismic Sequence,https://seismica.library.mcgill.ca/oai?metadataPrefix=oai_dc&verb=GetRecord&identifier=oai:ojs.crae.mcgill.ca:article/1032,https://seismica.library.mcgill.ca/article/view/1032
oai:ojs.crae.mcgill.ca:article/1033,2024-01-02T15:20:49Z,seis:ART,https://seismica.library.mcgill.ca/article/download/1033/1225,https://doi.org/10.26443/seismica.v2i2.1033,Seismic record of a long duration dispersive signal after the 15 January 2022 Hunga-Tonga eruption,https://seismica.library.mcgill.ca/oai?metadataPrefix=oai_dc&verb=GetRecord&identifier=oai:ojs.crae.mcgill.ca:article/1033,https://seismica.library.mcgill.ca/article/view/1033
oai:ojs.crae.mcgill.ca:article/1049,2024-07-05T13:49:44Z,seis:reports,https://seismica.library.mcgill.ca/article/download/1049/1462,https://doi.org/10.26443/seismica.v3i1.1049,Curated Regional Earthquake Waveforms (CREW)  Dataset,https://seismica.library.mcgill.ca/oai?metadataPrefix=oai_dc&verb=GetRecord&identifier=oai:ojs.crae.mcgill.ca:article/1049,https://seismica.library.mcgill.ca/article/view/1049
oai:ojs.crae.mcgill.ca:article/1051,2024-01-02T15:20:49Z,seis:ART,https://seismica.library.mcgill.ca/article/download/1051/1156,https://doi.org/10.26443/seismica.v2i2.1051,"Unraveling the Evolution of an Unusually Active Earthquake Sequence Near Sheldon, Nevada",https://seismica.library.mcgill.ca/oai?metadataPrefix=oai_dc&verb=GetRecord&identifier=oai:ojs.crae.mcgill.ca:article/1051,https://seismica.library.mcgill.ca/article/view/1051
oai:ojs.crae.mcgill.ca:article/1082,2024-01-02T15:20:49Z,seis:ART,https://seismica.library.mcgill.ca/article/download/1082/1229,https://doi.org/10.26443/seismica.v2i2.1082,Passive Assessment of Geophysical Instruments Performance using Electrical Network Frequency Analysis,https://seismica.library.mcgill.ca/oai?metadataPrefix=oai_dc&verb=GetRecord&identifier=oai:ojs.crae.mcgill.ca:article/1082,https://seismica.library.mcgill.ca/article/view/1082
oai:ojs.crae.mcgill.ca:article/1083,2023-11-14T12:16:30Z,seis:ART,https://seismica.library.mcgill.ca/article/download/1083/1221,https://doi.org/10.26443/seismica.v2i3.1083,The sharp turn: Backward rupture branching during the 2023 Mw 7.8 Kahramanmara (Trkiye) earthquake,https://seismica.library.mcgill.ca/oai?metadataPrefix=oai_dc&verb=GetRecord&identifier=oai:ojs.crae.mcgill.ca:article/1083,https://seismica.library.mcgill.ca/article/view/1083
oai:ojs.crae.mcgill.ca:article/1084,2024-07-05T13:49:44Z,seis:ART,https://seismica.library.mcgill.ca/article/download/1084/1270,https://doi.org/10.26443/seismica.v3i1.1084,Testing the Predictive Power of b Value for Italian Seismicity,https://seismica.library.mcgill.ca/oai?metadataPrefix=oai_dc&verb=GetRecord&identifier=oai:ojs.crae.mcgill.ca:article/1084,https://seismica.library.mcgill.ca/article/view/1084
oai:ojs.crae.mcgill.ca:article/1086,2024-01-02T15:20:49Z,seis:ART,https://seismica.library.mcgill.ca/article/download/1086/1183,https://doi.org/10.26443/seismica.v2i2.1086,Red-light thresholds for induced seismicity in the UK,https://seismica.library.mcgill.ca/oai?metadataPrefix=oai_dc&verb=GetRecord&identifier=oai:ojs.crae.mcgill.ca:article/1086,https://seismica.library.mcgill.ca/article/view/1086
oai:ojs.crae.mcgill.ca:article/1091,2024-01-02T15:20:49Z,seis:Editorials,https://seismica.library.mcgill.ca/article/download/1091/1166,https://doi.org/10.26443/seismica.v2i2.1091,"Editorial workflow of a community-led, all-volunteer scientific journal: lessons from the launch of Seismica",https://seismica.library.mcgill.ca/oai?metadataPrefix=oai_dc&verb=GetRecord&identifier=oai:ojs.crae.mcgill.ca:article/1091,https://seismica.library.mcgill.ca/article/view/1091
oai:ojs.crae.mcgill.ca:article/1092,2024-07-05T13:49:44Z,seis:ART,https://seismica.library.mcgill.ca/article/download/1092/1485,https://doi.org/10.26443/seismica.v3i1.1092,Insights on the dip of fault zones in Southern California from modeling of seismicity with anisotropic point processes,https://seismica.library.mcgill.ca/oai?metadataPrefix=oai_dc&verb=GetRecord&identifier=oai:ojs.crae.mcgill.ca:article/1092,https://seismica.library.mcgill.ca/article/view/1092
oai:ojs.crae.mcgill.ca:article/1094,2024-12-30T10:47:52Z,seis:ART,https://seismica.library.mcgill.ca/article/download/1094/1594,https://doi.org/10.26443/seismica.v3i2.1094,The Pattern of Earthquake Magnitude Clustering Based on Interevent Distance and Time,https://seismica.library.mcgill.ca/oai?metadataPrefix=oai_dc&verb=GetRecord&identifier=oai:ojs.crae.mcgill.ca:article/1094,https://seismica.library.mcgill.ca/article/view/1094
oai:ojs.crae.mcgill.ca:article/1097,2024-06-07T09:55:32Z,seis:cascadia,https://seismica.library.mcgill.ca/article/download/1097/1477,https://doi.org/10.26443/seismica.v2i4.1097,Along-strike changes in ETS behavior near the slab edge of Southern Cascadia,https://seismica.library.mcgill.ca/oai?metadataPrefix=oai_dc&verb=GetRecord&identifier=oai:ojs.crae.mcgill.ca:article/1097,https://seismica.library.mcgill.ca/article/view/1097
oai:ojs.crae.mcgill.ca:article/1098,2024-07-05T13:49:44Z,seis:ART,https://seismica.library.mcgill.ca/article/download/1098/1459,https://doi.org/10.26443/seismica.v3i1.1098,Shear-wave attenuation anisotropy: a new constraint on mantle melt near the Main Ethiopian Rift,https://seismica.library.mcgill.ca/oai?metadataPrefix=oai_dc&verb=GetRecord&identifier=oai:ojs.crae.mcgill.ca:article/1098,https://seismica.library.mcgill.ca/article/view/1098
oai:ojs.crae.mcgill.ca:article/1099,2024-07-05T13:49:44Z,seis:reports,https://seismica.library.mcgill.ca/article/download/1099/1274,https://doi.org/10.26443/seismica.v3i1.1099,SeisMIC - an Open Source Python Toolset to Compute Velocity Changes from Ambient Seismic Noise,https://seismica.library.mcgill.ca/oai?metadataPrefix=oai_dc&verb=GetRecord&identifier=oai:ojs.crae.mcgill.ca:article/1099,https://seismica.library.mcgill.ca/article/view/1099
oai:ojs.crae.mcgill.ca:article/1101,2025-04-30T08:46:09Z,seis:ART,https://seismica.library.mcgill.ca/article/download/1101/1918,https://doi.org/10.26443/seismica.v4i1.1101,Changes in seismic anisotropy at Ontake volcano: a tale of two eruptions,https://seismica.library.mcgill.ca/oai?metadataPrefix=oai_dc&verb=GetRecord&identifier=oai:ojs.crae.mcgill.ca:article/1101,https://seismica.library.mcgill.ca/article/view/1101
oai:ojs.crae.mcgill.ca:article/1102,2024-09-11T13:49:24Z,seis:ART,https://seismica.library.mcgill.ca/article/download/1102/1632,https://doi.org/10.26443/seismica.v3i1.1102,Neotectonic Mapping of Puerto Rico,https://seismica.library.mcgill.ca/oai?metadataPrefix=oai_dc&verb=GetRecord&identifier=oai:ojs.crae.mcgill.ca:article/1102,https://seismica.library.mcgill.ca/article/view/1102
oai:ojs.crae.mcgill.ca:article/1119,2024-07-05T13:49:44Z,seis:ART,https://seismica.library.mcgill.ca/article/download/1119/1307,https://doi.org/10.26443/seismica.v3i1.1119,Comparison of geodetic slip-deficit and geologic fault slip rates reveals that variability of elastic strain accumulation and release rates on strike-slip faults is controlled by the relative structural complexity of plate-boundary fault systems,https://seismica.library.mcgill.ca/oai?metadataPrefix=oai_dc&verb=GetRecord&identifier=oai:ojs.crae.mcgill.ca:article/1119,https://seismica.library.mcgill.ca/article/view/1119
oai:ojs.crae.mcgill.ca:article/1124,2024-07-05T13:49:44Z,seis:ART,https://seismica.library.mcgill.ca/article/download/1124/1368,https://doi.org/10.26443/seismica.v3i1.1124,Feasibility of Deep Learning in Shear Wave Splitting analysis using Synthetic-Data Training and Waveform Deconvolution,https://seismica.library.mcgill.ca/oai?metadataPrefix=oai_dc&verb=GetRecord&identifier=oai:ojs.crae.mcgill.ca:article/1124,https://seismica.library.mcgill.ca/article/view/1124
oai:ojs.crae.mcgill.ca:article/1125,2024-12-30T10:47:52Z,seis:ART,https://seismica.library.mcgill.ca/article/download/1125/1553,https://doi.org/10.26443/seismica.v3i2.1125,"Seismic characteristics of the 2022-2023 unrest episode at Taup volcano, Aotearoa New Zealand",https://seismica.library.mcgill.ca/oai?metadataPrefix=oai_dc&verb=GetRecord&identifier=oai:ojs.crae.mcgill.ca:article/1125,https://seismica.library.mcgill.ca/article/view/1125
oai:ojs.crae.mcgill.ca:article/1128,2024-07-05T13:49:44Z,seis:ART,https://seismica.library.mcgill.ca/article/download/1128/1410,https://doi.org/10.26443/seismica.v3i1.1128,ScS shear-wave splitting in the lowermost mantle: Practical challenges and new global measurements,https://seismica.library.mcgill.ca/oai?metadataPrefix=oai_dc&verb=GetRecord&identifier=oai:ojs.crae.mcgill.ca:article/1128,https://seismica.library.mcgill.ca/article/view/1128
oai:ojs.crae.mcgill.ca:article/1130,2024-07-05T13:49:44Z,seis:ART,https://seismica.library.mcgill.ca/article/download/1130/1267,https://doi.org/10.26443/seismica.v3i1.1130,PyOcto: A high-throughput seismic phase associator,https://seismica.library.mcgill.ca/oai?metadataPrefix=oai_dc&verb=GetRecord&identifier=oai:ojs.crae.mcgill.ca:article/1130,https://seismica.library.mcgill.ca/article/view/1130
oai:ojs.crae.mcgill.ca:article/1134,2024-10-18T15:47:49Z,seis:cascadia,https://seismica.library.mcgill.ca/article/download/1134/1681,https://doi.org/10.26443/seismica.v2i4.1134,Detection of Hidden Low-Frequency Earthquakes in Southern Vancouver Island with Deep Learning,https://seismica.library.mcgill.ca/oai?metadataPrefix=oai_dc&verb=GetRecord&identifier=oai:ojs.crae.mcgill.ca:article/1134,https://seismica.library.mcgill.ca/article/view/1134
oai:ojs.crae.mcgill.ca:article/1135,2024-07-05T13:49:44Z,seis:ART,https://seismica.library.mcgill.ca/article/download/1135/1302,https://doi.org/10.26443/seismica.v3i1.1135,Discontinuous transtensional rupture during the Mw 7.2 1995 Gulf of Aqaba earthquake,https://seismica.library.mcgill.ca/oai?metadataPrefix=oai_dc&verb=GetRecord&identifier=oai:ojs.crae.mcgill.ca:article/1135,https://seismica.library.mcgill.ca/article/view/1135
oai:ojs.crae.mcgill.ca:article/1142,2024-07-05T13:49:44Z,seis:ART,https://seismica.library.mcgill.ca/article/download/1142/1428,https://doi.org/10.26443/seismica.v3i1.1142,Realtime Selection of Optimal Source Parameters Using Ground Motion Envelopes,https://seismica.library.mcgill.ca/oai?metadataPrefix=oai_dc&verb=GetRecord&identifier=oai:ojs.crae.mcgill.ca:article/1142,https://seismica.library.mcgill.ca/article/view/1142
oai:ojs.crae.mcgill.ca:article/1143,2024-07-05T13:49:44Z,seis:reports,https://seismica.library.mcgill.ca/article/download/1143/1470,https://doi.org/10.26443/seismica.v3i1.1143,VIP - Variational Inversion Package with example implementations of Bayesian tomographic imaging,https://seismica.library.mcgill.ca/oai?metadataPrefix=oai_dc&verb=GetRecord&identifier=oai:ojs.crae.mcgill.ca:article/1143,https://seismica.library.mcgill.ca/article/view/1143
oai:ojs.crae.mcgill.ca:article/1144,2024-07-05T13:49:44Z,seis:ART,https://seismica.library.mcgill.ca/article/download/1144/1349,https://doi.org/10.26443/seismica.v3i1.1144,What does my technology facilitate? A toolbox to help researchers understand the societal impact of a technology in the context of disasters,https://seismica.library.mcgill.ca/oai?metadataPrefix=oai_dc&verb=GetRecord&identifier=oai:ojs.crae.mcgill.ca:article/1144,https://seismica.library.mcgill.ca/article/view/1144
oai:ojs.crae.mcgill.ca:article/1145,2024-07-05T13:49:44Z,seis:ART,https://seismica.library.mcgill.ca/article/download/1145/1447,https://doi.org/10.26443/seismica.v3i1.1145,Spatiotemporal characteristics and earthquake statistics of the 2020 and 2022 adjacent earthquake sequences in North Aegean Sea (Greece),https://seismica.library.mcgill.ca/oai?metadataPrefix=oai_dc&verb=GetRecord&identifier=oai:ojs.crae.mcgill.ca:article/1145,https://seismica.library.mcgill.ca/article/view/1145
oai:ojs.crae.mcgill.ca:article/1146,2024-12-30T10:47:52Z,seis:ART,https://seismica.library.mcgill.ca/article/download/1146/1703,https://doi.org/10.26443/seismica.v3i2.1146,Performance of synthetic DAS as a function of array geometry,https://seismica.library.mcgill.ca/oai?metadataPrefix=oai_dc&verb=GetRecord&identifier=oai:ojs.crae.mcgill.ca:article/1146,https://seismica.library.mcgill.ca/article/view/1146
oai:ojs.crae.mcgill.ca:article/1148,2025-02-28T13:25:39Z,seis:ART,https://seismica.library.mcgill.ca/article/download/1148/1827,https://doi.org/10.26443/seismica.v4i1.1148,"Migration of Seismicity from the Mantle to the Upper Crust Beneath Harrat Lunayyir Volcanic Field, Saudi Arabia",https://seismica.library.mcgill.ca/oai?metadataPrefix=oai_dc&verb=GetRecord&identifier=oai:ojs.crae.mcgill.ca:article/1148,https://seismica.library.mcgill.ca/article/view/1148
oai:ojs.crae.mcgill.ca:article/1150,2025-06-07T15:10:20Z,seis:ART,https://seismica.library.mcgill.ca/article/download/1150/1772,https://doi.org/10.26443/seismica.v4i1.1150,Nondestructive testing of railway embankments by measuring multi-modal dispersion of surface waves induced by high-speed trains with linear geophone arrays,https://seismica.library.mcgill.ca/oai?metadataPrefix=oai_dc&verb=GetRecord&identifier=oai:ojs.crae.mcgill.ca:article/1150,https://seismica.library.mcgill.ca/article/view/1150
oai:ojs.crae.mcgill.ca:article/1151,2024-12-30T10:47:52Z,seis:ART,https://seismica.library.mcgill.ca/article/download/1151/1691,https://doi.org/10.26443/seismica.v3i2.1151,Seismic site conditions of RESNOM network,https://seismica.library.mcgill.ca/oai?metadataPrefix=oai_dc&verb=GetRecord&identifier=oai:ojs.crae.mcgill.ca:article/1151,https://seismica.library.mcgill.ca/article/view/1151
oai:ojs.crae.mcgill.ca:article/1152,2025-04-18T19:06:30Z,seis:ART,https://seismica.library.mcgill.ca/article/download/1152/1786,https://doi.org/10.26443/seismica.v3i2.1152,Modeling ground motions and crustal deformation from tsunami earthquakes: Rupture parameter constraints from the 2010 Mentawai event,https://seismica.library.mcgill.ca/oai?metadataPrefix=oai_dc&verb=GetRecord&identifier=oai:ojs.crae.mcgill.ca:article/1152,https://seismica.library.mcgill.ca/article/view/1152
oai:ojs.crae.mcgill.ca:article/1153,2024-12-30T10:47:52Z,seis:ART,https://seismica.library.mcgill.ca/article/download/1153/1640,https://doi.org/10.26443/seismica.v3i2.1153,Spatiotemporal Variability of Fin Whale and Blue Whale Calls Detected by Land Seismometers Along the Lower St. Lawrence Seaway,https://seismica.library.mcgill.ca/oai?metadataPrefix=oai_dc&verb=GetRecord&identifier=oai:ojs.crae.mcgill.ca:article/1153,https://seismica.library.mcgill.ca/article/view/1153
oai:ojs.crae.mcgill.ca:article/1154,2024-07-05T13:49:44Z,seis:reports,https://seismica.library.mcgill.ca/article/download/1154/1401,https://doi.org/10.26443/seismica.v3i1.1154,Seismoacoustic measurements of the OSIRIS-REx re-entry with an off-grid Raspberry PiShake,https://seismica.library.mcgill.ca/oai?metadataPrefix=oai_dc&verb=GetRecord&identifier=oai:ojs.crae.mcgill.ca:article/1154,https://seismica.library.mcgill.ca/article/view/1154
oai:ojs.crae.mcgill.ca:article/1155,2024-12-30T10:47:52Z,seis:ART,https://seismica.library.mcgill.ca/article/download/1155/1590,https://doi.org/10.26443/seismica.v3i2.1155,Strong asymmetry in near-fault ground velocity during an oblique strike-slip earthquake revealed by waveform particle motions and dynamic rupture simulations,https://seismica.library.mcgill.ca/oai?metadataPrefix=oai_dc&verb=GetRecord&identifier=oai:ojs.crae.mcgill.ca:article/1155,https://seismica.library.mcgill.ca/article/view/1155
oai:ojs.crae.mcgill.ca:article/1157,2024-07-05T13:49:44Z,seis:ART,https://seismica.library.mcgill.ca/article/download/1157/1406,https://doi.org/10.26443/seismica.v3i1.1157,Apparent Non-Double-Couple Components as Artifacts of Moment Tensor Inversion,https://seismica.library.mcgill.ca/oai?metadataPrefix=oai_dc&verb=GetRecord&identifier=oai:ojs.crae.mcgill.ca:article/1157,https://seismica.library.mcgill.ca/article/view/1157
oai:ojs.crae.mcgill.ca:article/1158,2025-04-18T19:04:47Z,seis:cascadia,https://seismica.library.mcgill.ca/article/download/1158/1425,https://doi.org/10.26443/seismica.v2i4.1158,Late Quaternary Surface Displacements on Accretionary Wedge Splay Faults in the Cascadia Subduction Zone: Implications for Megathrust Rupture,https://seismica.library.mcgill.ca/oai?metadataPrefix=oai_dc&verb=GetRecord&identifier=oai:ojs.crae.mcgill.ca:article/1158,https://seismica.library.mcgill.ca/article/view/1158
oai:ojs.crae.mcgill.ca:article/1160,2024-01-02T15:20:49Z,seis:FR,https://seismica.library.mcgill.ca/article/download/1160/1238,https://doi.org/10.26443/seismica.v2i2.1160,"Potential Volcanic Origin of the 2023 Short-period Tsunami in the Izu Islands, Japan",https://seismica.library.mcgill.ca/oai?metadataPrefix=oai_dc&verb=GetRecord&identifier=oai:ojs.crae.mcgill.ca:article/1160,https://seismica.library.mcgill.ca/article/view/1160
oai:ojs.crae.mcgill.ca:article/1164,2024-07-05T13:49:44Z,seis:ART,https://seismica.library.mcgill.ca/article/download/1164/1492,https://doi.org/10.26443/seismica.v3i1.1164,"Effects on a Deep-Learning, Seismic Arrival-Time Picker of Domain-Knowledge Based Preprocessing of Input Seismograms",https://seismica.library.mcgill.ca/oai?metadataPrefix=oai_dc&verb=GetRecord&identifier=oai:ojs.crae.mcgill.ca:article/1164,https://seismica.library.mcgill.ca/article/view/1164
oai:ojs.crae.mcgill.ca:article/1165,2024-12-30T10:47:52Z,seis:ART,https://seismica.library.mcgill.ca/article/download/1165/1566,https://doi.org/10.26443/seismica.v3i2.1165,An exploration of potentially reversible controls on millennial-scale variations in the slip rate of seismogenic faults: Linking structural observations with variable earthquake recurrence patterns,https://seismica.library.mcgill.ca/oai?metadataPrefix=oai_dc&verb=GetRecord&identifier=oai:ojs.crae.mcgill.ca:article/1165,https://seismica.library.mcgill.ca/article/view/1165
oai:ojs.crae.mcgill.ca:article/1166,2024-07-05T13:49:44Z,seis:ART,https://seismica.library.mcgill.ca/article/download/1166/1487,https://doi.org/10.26443/seismica.v3i1.1166,"Monitoring urban construction and quarry blasts with low-cost seismic sensors and deep learning tools in the city of Oslo, Norway",https://seismica.library.mcgill.ca/oai?metadataPrefix=oai_dc&verb=GetRecord&identifier=oai:ojs.crae.mcgill.ca:article/1166,https://seismica.library.mcgill.ca/article/view/1166
oai:ojs.crae.mcgill.ca:article/1177,2024-07-03T06:56:08Z,seis:cascadia,https://seismica.library.mcgill.ca/article/download/1177/1500,https://doi.org/10.26443/seismica.v2i4.1177,Inner forearc faults in northern Cascadia do not accommodate elastic strain driven by the megathrust seismic cycle,https://seismica.library.mcgill.ca/oai?metadataPrefix=oai_dc&verb=GetRecord&identifier=oai:ojs.crae.mcgill.ca:article/1177,https://seismica.library.mcgill.ca/article/view/1177
oai:ojs.crae.mcgill.ca:article/1179,2024-12-30T10:47:52Z,seis:reports,https://seismica.library.mcgill.ca/article/download/1179/1567,https://doi.org/10.26443/seismica.v3i2.1179,"Investigation of suspected Holocene fault scarp near Montral, Qubec: The first paleoseismic trench in eastern Canada",https://seismica.library.mcgill.ca/oai?metadataPrefix=oai_dc&verb=GetRecord&identifier=oai:ojs.crae.mcgill.ca:article/1179,https://seismica.library.mcgill.ca/article/view/1179
oai:ojs.crae.mcgill.ca:article/1184,2024-12-30T10:47:52Z,seis:reports,https://seismica.library.mcgill.ca/article/download/1184/1580,https://doi.org/10.26443/seismica.v3i2.1184,DASCore: a Python Library for Distributed Fiber Optic Sensing,https://seismica.library.mcgill.ca/oai?metadataPrefix=oai_dc&verb=GetRecord&identifier=oai:ojs.crae.mcgill.ca:article/1184,https://seismica.library.mcgill.ca/article/view/1184
oai:ojs.crae.mcgill.ca:article/1185,2024-07-05T13:49:44Z,seis:ART,https://seismica.library.mcgill.ca/article/download/1185/1456,https://doi.org/10.26443/seismica.v3i1.1185,Deep learning detects uncataloged low-frequency earthquakes across regions,https://seismica.library.mcgill.ca/oai?metadataPrefix=oai_dc&verb=GetRecord&identifier=oai:ojs.crae.mcgill.ca:article/1185,https://seismica.library.mcgill.ca/article/view/1185
oai:ojs.crae.mcgill.ca:article/1186,2024-07-25T08:55:52Z,seis:ART,https://seismica.library.mcgill.ca/article/download/1186/1474,https://doi.org/10.26443/seismica.v3i1.1186,Mapping fault geomorphology with drone-based lidar,https://seismica.library.mcgill.ca/oai?metadataPrefix=oai_dc&verb=GetRecord&identifier=oai:ojs.crae.mcgill.ca:article/1186,https://seismica.library.mcgill.ca/article/view/1186
oai:ojs.crae.mcgill.ca:article/1190,2024-07-05T13:49:44Z,seis:ART,https://seismica.library.mcgill.ca/article/download/1190/1463,https://doi.org/10.26443/seismica.v3i1.1190,"Extensional failure in a weak slab under slab pull -- the 2023 Mw 6.4 Quich, Guatemala, earthquake",https://seismica.library.mcgill.ca/oai?metadataPrefix=oai_dc&verb=GetRecord&identifier=oai:ojs.crae.mcgill.ca:article/1190,https://seismica.library.mcgill.ca/article/view/1190
oai:ojs.crae.mcgill.ca:article/1202,2024-12-30T10:47:52Z,seis:ART,https://seismica.library.mcgill.ca/article/download/1202/1547,https://doi.org/10.26443/seismica.v3i2.1202,Refined Holocene Slip Rate for the Western and Central Segments of the Garlock Fault: Record of Alternating Millennial-Scale Periods of Fast and Slow Fault Slip,https://seismica.library.mcgill.ca/oai?metadataPrefix=oai_dc&verb=GetRecord&identifier=oai:ojs.crae.mcgill.ca:article/1202,https://seismica.library.mcgill.ca/article/view/1202
oai:ojs.crae.mcgill.ca:article/1203,2024-12-30T10:47:52Z,seis:ART,https://seismica.library.mcgill.ca/article/download/1203/1578,https://doi.org/10.26443/seismica.v3i2.1203,The influence of ground shaking on the distribution and size of coseismic landslides from the Mw 7.6 2005 Kashmir earthquake,https://seismica.library.mcgill.ca/oai?metadataPrefix=oai_dc&verb=GetRecord&identifier=oai:ojs.crae.mcgill.ca:article/1203,https://seismica.library.mcgill.ca/article/view/1203
oai:ojs.crae.mcgill.ca:article/1204,2025-03-03T19:21:20Z,seis:ART,https://seismica.library.mcgill.ca/article/download/1204/1780,https://doi.org/10.26443/seismica.v4i1.1204,Distributed Acoustic Sensing for aftershock monitoring: the case of the 2019 Mw 4.9 Le Teil earthquake,https://seismica.library.mcgill.ca/oai?metadataPrefix=oai_dc&verb=GetRecord&identifier=oai:ojs.crae.mcgill.ca:article/1204,https://seismica.library.mcgill.ca/article/view/1204
oai:ojs.crae.mcgill.ca:article/1205,2024-12-30T10:47:52Z,seis:ART,https://seismica.library.mcgill.ca/article/download/1205/1743,https://doi.org/10.26443/seismica.v3i2.1205,Earthquake Moment Magnitudes from Peak Ground Displacements and Synthetic Green's Functions,https://seismica.library.mcgill.ca/oai?metadataPrefix=oai_dc&verb=GetRecord&identifier=oai:ojs.crae.mcgill.ca:article/1205,https://seismica.library.mcgill.ca/article/view/1205
oai:ojs.crae.mcgill.ca:article/1206,2024-12-30T10:47:52Z,seis:ART,https://seismica.library.mcgill.ca/article/download/1206/1562,https://doi.org/10.26443/seismica.v3i2.1206,Statistical distribution of static stress resolved onto geometrically-rough faults,https://seismica.library.mcgill.ca/oai?metadataPrefix=oai_dc&verb=GetRecord&identifier=oai:ojs.crae.mcgill.ca:article/1206,https://seismica.library.mcgill.ca/article/view/1206
oai:ojs.crae.mcgill.ca:article/1214,2025-05-07T07:10:22Z,seis:ART,https://seismica.library.mcgill.ca/article/download/1214/1946,https://doi.org/10.26443/seismica.v4i1.1214,Evidence for Far-Field Wastewater Disposal Causing Recent Increases in Seismicity in Central and Northern Kansas,https://seismica.library.mcgill.ca/oai?metadataPrefix=oai_dc&verb=GetRecord&identifier=oai:ojs.crae.mcgill.ca:article/1214,https://seismica.library.mcgill.ca/article/view/1214
oai:ojs.crae.mcgill.ca:article/1238,2025-03-28T22:52:38Z,seis:reports,https://seismica.library.mcgill.ca/article/download/1238/1890,https://doi.org/10.26443/seismica.v4i1.1238,Real-Time Loss Tools: Open-Source Software for Time- and State-Dependent Seismic Damage and Loss Calculations  Features and Application to the 2023 Trkiye-Syria Sequence,https://seismica.library.mcgill.ca/oai?metadataPrefix=oai_dc&verb=GetRecord&identifier=oai:ojs.crae.mcgill.ca:article/1238,https://seismica.library.mcgill.ca/article/view/1238
oai:ojs.crae.mcgill.ca:article/1282,2024-12-30T10:47:52Z,seis:ART,https://seismica.library.mcgill.ca/article/download/1282/1724,https://doi.org/10.26443/seismica.v3i2.1282,Site characterization of Sikkim Himalaya using HVSR,https://seismica.library.mcgill.ca/oai?metadataPrefix=oai_dc&verb=GetRecord&identifier=oai:ojs.crae.mcgill.ca:article/1282,https://seismica.library.mcgill.ca/article/view/1282
oai:ojs.crae.mcgill.ca:article/1283,2025-02-21T08:39:53Z,seis:ART,https://seismica.library.mcgill.ca/article/download/1283/1814,https://doi.org/10.26443/seismica.v4i1.1283,"Qseek: A data-driven Framework for Automated Earthquake Detection, Localization and Characterization",https://seismica.library.mcgill.ca/oai?metadataPrefix=oai_dc&verb=GetRecord&identifier=oai:ojs.crae.mcgill.ca:article/1283,https://seismica.library.mcgill.ca/article/view/1283
oai:ojs.crae.mcgill.ca:article/1285,2025-01-09T18:35:48Z,seis:ART,https://seismica.library.mcgill.ca/article/download/1285/1768,https://doi.org/10.26443/seismica.v4i1.1285,Volcanic eruption tremor from  particle impacts and turbulence using conduit flow models,https://seismica.library.mcgill.ca/oai?metadataPrefix=oai_dc&verb=GetRecord&identifier=oai:ojs.crae.mcgill.ca:article/1285,https://seismica.library.mcgill.ca/article/view/1285
oai:ojs.crae.mcgill.ca:article/1310,2024-12-30T10:47:52Z,seis:ART,https://seismica.library.mcgill.ca/article/download/1310/1709,https://doi.org/10.26443/seismica.v3i2.1310,"Along-strike extent of earthquakes on multi-segment reverse faults; insights from the Nevis-Cardrona Fault, Aotearoa New Zealand",https://seismica.library.mcgill.ca/oai?metadataPrefix=oai_dc&verb=GetRecord&identifier=oai:ojs.crae.mcgill.ca:article/1310,https://seismica.library.mcgill.ca/article/view/1310
oai:ojs.crae.mcgill.ca:article/1311,2024-09-17T18:35:23Z,seis:cascadia,https://seismica.library.mcgill.ca/article/download/1311/1600,https://doi.org/10.26443/seismica.v2i4.1311,Relative Moment Tensor Inversion for Microseismicity:  Application to Clustered Earthquakes in the Cascadia Forearc,https://seismica.library.mcgill.ca/oai?metadataPrefix=oai_dc&verb=GetRecord&identifier=oai:ojs.crae.mcgill.ca:article/1311,https://seismica.library.mcgill.ca/article/view/1311
oai:ojs.crae.mcgill.ca:article/1312,2024-10-21T16:58:33Z,seis:2023-T%C3%BCrkiye,https://seismica.library.mcgill.ca/article/download/1312/1684,https://doi.org/10.26443/seismica.v2i3.1312,"About the predecessors of the 2023 February earthquakes, Turkey",https://seismica.library.mcgill.ca/oai?metadataPrefix=oai_dc&verb=GetRecord&identifier=oai:ojs.crae.mcgill.ca:article/1312,https://seismica.library.mcgill.ca/article/view/1312
oai:ojs.crae.mcgill.ca:article/1336,2025-02-12T21:20:26Z,seis:ART,https://seismica.library.mcgill.ca/article/download/1336/1804,https://doi.org/10.26443/seismica.v4i1.1336,"An unexplained tsunami: Was there megathrust slip during the 2020 Mw7.6 Sand Point, Alaska, earthquake?",https://seismica.library.mcgill.ca/oai?metadataPrefix=oai_dc&verb=GetRecord&identifier=oai:ojs.crae.mcgill.ca:article/1336,https://seismica.library.mcgill.ca/article/view/1336
oai:ojs.crae.mcgill.ca:article/1337,2024-12-30T10:47:52Z,seis:ART,https://seismica.library.mcgill.ca/article/download/1337/1667,https://doi.org/10.26443/seismica.v3i2.1337,Microseismicity at the Time of a Large Creep Event on the Calaveras Fault is Unresponsive to Stress Changes,https://seismica.library.mcgill.ca/oai?metadataPrefix=oai_dc&verb=GetRecord&identifier=oai:ojs.crae.mcgill.ca:article/1337,https://seismica.library.mcgill.ca/article/view/1337
oai:ojs.crae.mcgill.ca:article/1339,2024-12-30T10:47:52Z,seis:reports,https://seismica.library.mcgill.ca/article/download/1339/1609,https://doi.org/10.26443/seismica.v3i2.1339,Development and Comparison of 3D Seismic Geology and Shear-wave Velocity Models of Metro Vancouver,https://seismica.library.mcgill.ca/oai?metadataPrefix=oai_dc&verb=GetRecord&identifier=oai:ojs.crae.mcgill.ca:article/1339,https://seismica.library.mcgill.ca/article/view/1339
oai:ojs.crae.mcgill.ca:article/1340,2025-02-25T14:22:51Z,seis:ART,https://seismica.library.mcgill.ca/article/download/1340/1805,https://doi.org/10.26443/seismica.v4i1.1340,Scaled seismotectonic models of megathrust seismic cycles through the lens of dynamical system theory,https://seismica.library.mcgill.ca/oai?metadataPrefix=oai_dc&verb=GetRecord&identifier=oai:ojs.crae.mcgill.ca:article/1340,https://seismica.library.mcgill.ca/article/view/1340
oai:ojs.crae.mcgill.ca:article/1341,2024-12-30T10:47:52Z,seis:ART,https://seismica.library.mcgill.ca/article/download/1341/1700,https://doi.org/10.26443/seismica.v3i2.1341,DeepRFQC: automating quality control for P-wave receiver function analysis using a U-net inspired network,https://seismica.library.mcgill.ca/oai?metadataPrefix=oai_dc&verb=GetRecord&identifier=oai:ojs.crae.mcgill.ca:article/1341,https://seismica.library.mcgill.ca/article/view/1341
oai:ojs.crae.mcgill.ca:article/1343,2024-12-30T10:47:52Z,seis:reports,https://seismica.library.mcgill.ca/article/download/1343/1716,https://doi.org/10.26443/seismica.v3i2.1343,B3AM: A beamforming toolbox for three-component ambient seismic noise analysis,https://seismica.library.mcgill.ca/oai?metadataPrefix=oai_dc&verb=GetRecord&identifier=oai:ojs.crae.mcgill.ca:article/1343,https://seismica.library.mcgill.ca/article/view/1343
oai:ojs.crae.mcgill.ca:article/1344,2024-12-30T10:47:52Z,seis:ART,https://seismica.library.mcgill.ca/article/download/1344/1675,https://doi.org/10.26443/seismica.v3i2.1344,An Open Source Hydroacoustic Benchmarking Framework for Geophonic Signal Detection,https://seismica.library.mcgill.ca/oai?metadataPrefix=oai_dc&verb=GetRecord&identifier=oai:ojs.crae.mcgill.ca:article/1344,https://seismica.library.mcgill.ca/article/view/1344
oai:ojs.crae.mcgill.ca:article/1345,2024-12-30T10:47:52Z,seis:ART,https://seismica.library.mcgill.ca/article/download/1345/1678,https://doi.org/10.26443/seismica.v3i2.1345,Inelastic deformation accrued over multiple seismic cycles: Insights from an elastic-plastic slider-and-springboard model,https://seismica.library.mcgill.ca/oai?metadataPrefix=oai_dc&verb=GetRecord&identifier=oai:ojs.crae.mcgill.ca:article/1345,https://seismica.library.mcgill.ca/article/view/1345
oai:ojs.crae.mcgill.ca:article/1347,2025-06-12T19:53:08Z,seis:ART,https://seismica.library.mcgill.ca/article/download/1347/2077,https://doi.org/10.26443/seismica.v4i1.1347,The impact of COVID-19 lockdown measures on high-frequency seismic ambient noise in Greece: Utilizing strong-motion seismograph networks for human activity monitoring in urban environments,https://seismica.library.mcgill.ca/oai?metadataPrefix=oai_dc&verb=GetRecord&identifier=oai:ojs.crae.mcgill.ca:article/1347,https://seismica.library.mcgill.ca/article/view/1347
oai:ojs.crae.mcgill.ca:article/1351,2024-12-30T10:47:52Z,seis:ART,https://seismica.library.mcgill.ca/article/download/1351/1622,https://doi.org/10.26443/seismica.v3i2.1351,Heterogeneous high frequency seismic radiation from complex ruptures,https://seismica.library.mcgill.ca/oai?metadataPrefix=oai_dc&verb=GetRecord&identifier=oai:ojs.crae.mcgill.ca:article/1351,https://seismica.library.mcgill.ca/article/view/1351
oai:ojs.crae.mcgill.ca:article/1354,2024-12-30T10:47:52Z,seis:ART,https://seismica.library.mcgill.ca/article/download/1354/1603,https://doi.org/10.26443/seismica.v3i2.1354,Imaging microearthquake rupture processes using a dense array in Oklahoma,https://seismica.library.mcgill.ca/oai?metadataPrefix=oai_dc&verb=GetRecord&identifier=oai:ojs.crae.mcgill.ca:article/1354,https://seismica.library.mcgill.ca/article/view/1354
oai:ojs.crae.mcgill.ca:article/1371,2025-04-24T18:48:25Z,seis:ART,https://seismica.library.mcgill.ca/article/download/1371/1920,https://doi.org/10.26443/seismica.v4i1.1371,An analysis of the dynamic range of Distributed Acoustic Sensing for Earthquake Early Warning,https://seismica.library.mcgill.ca/oai?metadataPrefix=oai_dc&verb=GetRecord&identifier=oai:ojs.crae.mcgill.ca:article/1371,https://seismica.library.mcgill.ca/article/view/1371
oai:ojs.crae.mcgill.ca:article/1373,2025-04-09T13:44:57Z,seis:ART,https://seismica.library.mcgill.ca/article/download/1373/1904,https://doi.org/10.26443/seismica.v4i1.1373,Performance of Automatic Detector & Locator Tested on Synthetic Seismograms: Case Study from Litomice in Czech Republic,https://seismica.library.mcgill.ca/oai?metadataPrefix=oai_dc&verb=GetRecord&identifier=oai:ojs.crae.mcgill.ca:article/1373,https://seismica.library.mcgill.ca/article/view/1373
oai:ojs.crae.mcgill.ca:article/1374,2024-12-30T10:47:52Z,seis:ART,https://seismica.library.mcgill.ca/article/download/1374/1693,https://doi.org/10.26443/seismica.v3i2.1374,Population displacement after earthquakes: benchmarking predictions based on housing damage,https://seismica.library.mcgill.ca/oai?metadataPrefix=oai_dc&verb=GetRecord&identifier=oai:ojs.crae.mcgill.ca:article/1374,https://seismica.library.mcgill.ca/article/view/1374
oai:ojs.crae.mcgill.ca:article/1375,2024-12-30T10:47:52Z,seis:ART,https://seismica.library.mcgill.ca/article/download/1375/1722,https://doi.org/10.26443/seismica.v3i2.1375,"Insolation Cycles Control the Timing and Pattern of Resonance Frequency Drifts at a Natural Rock Tower, Utah, USA",https://seismica.library.mcgill.ca/oai?metadataPrefix=oai_dc&verb=GetRecord&identifier=oai:ojs.crae.mcgill.ca:article/1375,https://seismica.library.mcgill.ca/article/view/1375
oai:ojs.crae.mcgill.ca:article/1379,2025-04-15T11:05:46Z,seis:reports,https://seismica.library.mcgill.ca/article/download/1379/1911,https://doi.org/10.26443/seismica.v4i1.1379,FINNSIP - The mobile Finnish Seismic Instrument Pool,https://seismica.library.mcgill.ca/oai?metadataPrefix=oai_dc&verb=GetRecord&identifier=oai:ojs.crae.mcgill.ca:article/1379,https://seismica.library.mcgill.ca/article/view/1379
oai:ojs.crae.mcgill.ca:article/1380,2025-01-31T13:54:42Z,seis:reports,https://seismica.library.mcgill.ca/article/download/1380/1775,https://doi.org/10.26443/seismica.v4i1.1380,"Unveiling midcrustal seismic activity at the front of the Bolivian altiplano, Cochabamba region",https://seismica.library.mcgill.ca/oai?metadataPrefix=oai_dc&verb=GetRecord&identifier=oai:ojs.crae.mcgill.ca:article/1380,https://seismica.library.mcgill.ca/article/view/1380
oai:ojs.crae.mcgill.ca:article/1381,2025-03-07T09:40:46Z,seis:ART,https://seismica.library.mcgill.ca/article/download/1381/1840,https://doi.org/10.26443/seismica.v4i1.1381,Magmatic activity at the slowest spreading rates: insights from a high-resolution earthquake catalog obtained from Gakkel Ridge Deep (Arctic Ocean),https://seismica.library.mcgill.ca/oai?metadataPrefix=oai_dc&verb=GetRecord&identifier=oai:ojs.crae.mcgill.ca:article/1381,https://seismica.library.mcgill.ca/article/view/1381
oai:ojs.crae.mcgill.ca:article/1382,2024-12-30T10:47:52Z,seis:ART,https://seismica.library.mcgill.ca/article/download/1382/1707,https://doi.org/10.26443/seismica.v3i2.1382,A model of the earthquake cycle along the Gofar oceanic transform faults,https://seismica.library.mcgill.ca/oai?metadataPrefix=oai_dc&verb=GetRecord&identifier=oai:ojs.crae.mcgill.ca:article/1382,https://seismica.library.mcgill.ca/article/view/1382
oai:ojs.crae.mcgill.ca:article/1383,2025-01-02T15:04:16Z,seis:ART,https://seismica.library.mcgill.ca/article/download/1383/1746,https://doi.org/10.26443/seismica.v3i2.1383,Do large earthquakes start with a precursory phase of slow slip?,https://seismica.library.mcgill.ca/oai?metadataPrefix=oai_dc&verb=GetRecord&identifier=oai:ojs.crae.mcgill.ca:article/1383,https://seismica.library.mcgill.ca/article/view/1383
oai:ojs.crae.mcgill.ca:article/1384,2024-12-30T10:47:52Z,seis:ART,https://seismica.library.mcgill.ca/article/download/1384/1710,https://doi.org/10.26443/seismica.v3i2.1384,Putting faults in the northern Chilean subduction margin into motion: evidence for remote dynamic earthquake triggering on the plate interface and within the forearc,https://seismica.library.mcgill.ca/oai?metadataPrefix=oai_dc&verb=GetRecord&identifier=oai:ojs.crae.mcgill.ca:article/1384,https://seismica.library.mcgill.ca/article/view/1384
oai:ojs.crae.mcgill.ca:article/1394,2024-12-30T10:47:52Z,seis:FR,https://seismica.library.mcgill.ca/article/download/1394/1584,https://doi.org/10.26443/seismica.v3i2.1394,Source characterization of the 20th May 2024 MD 4.4 Campi Flegrei caldera earthquake through a joint source-propagation probabilistic inversion,https://seismica.library.mcgill.ca/oai?metadataPrefix=oai_dc&verb=GetRecord&identifier=oai:ojs.crae.mcgill.ca:article/1394,https://seismica.library.mcgill.ca/article/view/1394
oai:ojs.crae.mcgill.ca:article/1405,2024-12-30T10:47:52Z,seis:FR,https://seismica.library.mcgill.ca/article/download/1405/1569,https://doi.org/10.26443/seismica.v3i2.1405,Earthquake source inversion by integrated fiber-optic sensing,https://seismica.library.mcgill.ca/oai?metadataPrefix=oai_dc&verb=GetRecord&identifier=oai:ojs.crae.mcgill.ca:article/1405,https://seismica.library.mcgill.ca/article/view/1405
oai:ojs.crae.mcgill.ca:article/1406,2025-02-13T08:14:15Z,seis:cascadia,https://seismica.library.mcgill.ca/article/download/1406/1800,https://doi.org/10.26443/seismica.v2i4.1406,"Performance of Slab Geometry Constraints on Rapid Geodetic Slip Models, Tsunami Amplitude, and Inundation Estimates in Cascadia",https://seismica.library.mcgill.ca/oai?metadataPrefix=oai_dc&verb=GetRecord&identifier=oai:ojs.crae.mcgill.ca:article/1406,https://seismica.library.mcgill.ca/article/view/1406
oai:ojs.crae.mcgill.ca:article/1408,2025-04-07T13:51:04Z,seis:ART,https://seismica.library.mcgill.ca/article/download/1408/1901,https://doi.org/10.26443/seismica.v4i1.1408,Monitoring Time Variations in Seismic Noise Amplitude at Permanent Seismic Networks,https://seismica.library.mcgill.ca/oai?metadataPrefix=oai_dc&verb=GetRecord&identifier=oai:ojs.crae.mcgill.ca:article/1408,https://seismica.library.mcgill.ca/article/view/1408
oai:ojs.crae.mcgill.ca:article/1412,2025-03-03T16:23:18Z,seis:ART,https://seismica.library.mcgill.ca/article/download/1412/1848,https://doi.org/10.26443/seismica.v4i1.1412,Mapping finite-fault earthquake slip using spatial correlation between seismicity and point-source Coulomb failure stress change,https://seismica.library.mcgill.ca/oai?metadataPrefix=oai_dc&verb=GetRecord&identifier=oai:ojs.crae.mcgill.ca:article/1412,https://seismica.library.mcgill.ca/article/view/1412
oai:ojs.crae.mcgill.ca:article/1413,2025-04-28T12:57:53Z,seis:ART,https://seismica.library.mcgill.ca/article/download/1413/1917,https://doi.org/10.26443/seismica.v4i1.1413,The InSAR lookbook: an illustrated guide to earthquake deformation interferograms,https://seismica.library.mcgill.ca/oai?metadataPrefix=oai_dc&verb=GetRecord&identifier=oai:ojs.crae.mcgill.ca:article/1413,https://seismica.library.mcgill.ca/article/view/1413
oai:ojs.crae.mcgill.ca:article/1416,2025-05-06T13:58:32Z,seis:ART,https://seismica.library.mcgill.ca/article/download/1416/1953,https://doi.org/10.26443/seismica.v4i1.1416,"On single-station, six degree-of-freedom observations of local to regional seismicity at the Pion Flat Observatory in Southern California",https://seismica.library.mcgill.ca/oai?metadataPrefix=oai_dc&verb=GetRecord&identifier=oai:ojs.crae.mcgill.ca:article/1416,https://seismica.library.mcgill.ca/article/view/1416
oai:ojs.crae.mcgill.ca:article/1417,2024-12-30T10:47:52Z,seis:ART,https://seismica.library.mcgill.ca/article/download/1417/1759,https://doi.org/10.26443/seismica.v3i2.1417,Effects of Energy Dissipation on Precursory Seismicity During Earthquake Preparation,https://seismica.library.mcgill.ca/oai?metadataPrefix=oai_dc&verb=GetRecord&identifier=oai:ojs.crae.mcgill.ca:article/1417,https://seismica.library.mcgill.ca/article/view/1417
oai:ojs.crae.mcgill.ca:article/1419,2025-03-31T13:52:55Z,seis:cascadia,https://seismica.library.mcgill.ca/article/download/1419/1892,https://doi.org/10.26443/seismica.v2i4.1419,Cascadia Daily GNSS Time Series Denoising: Graph Neural Network and Stack Filtering,https://seismica.library.mcgill.ca/oai?metadataPrefix=oai_dc&verb=GetRecord&identifier=oai:ojs.crae.mcgill.ca:article/1419,https://seismica.library.mcgill.ca/article/view/1419
oai:ojs.crae.mcgill.ca:article/1420,2024-12-30T10:54:25Z,seis:ART,https://seismica.library.mcgill.ca/article/download/1420/1749,https://doi.org/10.26443/seismica.v3i2.1420,"Foreshocks, aftershocks, and static stress triggering of the 2020 Mw 4.8 Mentone Earthquake in west Texas",https://seismica.library.mcgill.ca/oai?metadataPrefix=oai_dc&verb=GetRecord&identifier=oai:ojs.crae.mcgill.ca:article/1420,https://seismica.library.mcgill.ca/article/view/1420
oai:ojs.crae.mcgill.ca:article/1425,2025-06-11T16:59:39Z,seis:ART,https://seismica.library.mcgill.ca/article/download/1425/2069,https://doi.org/10.26443/seismica.v4i1.1425,Detecting seasonal differences in high-frequency site response using 0,https://seismica.library.mcgill.ca/oai?metadataPrefix=oai_dc&verb=GetRecord&identifier=oai:ojs.crae.mcgill.ca:article/1425,https://seismica.library.mcgill.ca/article/view/1425
oai:ojs.crae.mcgill.ca:article/1429,2025-05-01T17:01:18Z,seis:ART,https://seismica.library.mcgill.ca/article/download/1429/1944,https://doi.org/10.26443/seismica.v4i1.1429,"Can Earthquake Locations Be Improved for Real-time Monitoring? Revisiting the 1995 seismicity at Soufri`ere Hills Volcano, Montserrat",https://seismica.library.mcgill.ca/oai?metadataPrefix=oai_dc&verb=GetRecord&identifier=oai:ojs.crae.mcgill.ca:article/1429,https://seismica.library.mcgill.ca/article/view/1429
oai:ojs.crae.mcgill.ca:article/1430,2025-02-05T13:07:03Z,seis:ART,https://seismica.library.mcgill.ca/article/download/1430/1797,https://doi.org/10.26443/seismica.v4i1.1430,"Using citizen science Raspberry Shake seismometers to enhance earthquake location and characterization: a case study from Wellington, New Zealand",https://seismica.library.mcgill.ca/oai?metadataPrefix=oai_dc&verb=GetRecord&identifier=oai:ojs.crae.mcgill.ca:article/1430,https://seismica.library.mcgill.ca/article/view/1430
oai:ojs.crae.mcgill.ca:article/1431,2025-05-01T17:01:10Z,seis:ART,https://seismica.library.mcgill.ca/article/download/1431/1927,https://doi.org/10.26443/seismica.v4i1.1431,Picking Regional Seismic Phase Arrival Times with Deep Learning,https://seismica.library.mcgill.ca/oai?metadataPrefix=oai_dc&verb=GetRecord&identifier=oai:ojs.crae.mcgill.ca:article/1431,https://seismica.library.mcgill.ca/article/view/1431
oai:ojs.crae.mcgill.ca:article/1432,2025-06-18T07:15:12Z,seis:ART,https://seismica.library.mcgill.ca/article/download/1432/2089,https://doi.org/10.26443/seismica.v4i1.1432,"Rupture Dynamics and Near-Fault Ground Motion of the Mw7.8 Kahramanmara, Turkey earthquake of February 6, 2023",https://seismica.library.mcgill.ca/oai?metadataPrefix=oai_dc&verb=GetRecord&identifier=oai:ojs.crae.mcgill.ca:article/1432,https://seismica.library.mcgill.ca/article/view/1432
oai:ojs.crae.mcgill.ca:article/1433,2024-12-30T10:47:52Z,seis:ART,https://seismica.library.mcgill.ca/article/download/1433/1732,https://doi.org/10.26443/seismica.v3i2.1433,Sparse fault representation based on moment tensor interpolation,https://seismica.library.mcgill.ca/oai?metadataPrefix=oai_dc&verb=GetRecord&identifier=oai:ojs.crae.mcgill.ca:article/1433,https://seismica.library.mcgill.ca/article/view/1433
oai:ojs.crae.mcgill.ca:article/1435,2024-12-30T10:47:52Z,seis:ART,https://seismica.library.mcgill.ca/article/download/1435/1728,https://doi.org/10.26443/seismica.v3i2.1435,"Chasing the ghost of fracking in the Vaca Muerta Formation: Induced seismicity in the Neuqun Basin, Argentina",https://seismica.library.mcgill.ca/oai?metadataPrefix=oai_dc&verb=GetRecord&identifier=oai:ojs.crae.mcgill.ca:article/1435,https://seismica.library.mcgill.ca/article/view/1435
oai:ojs.crae.mcgill.ca:article/1444,2025-06-17T13:15:35Z,seis:ART,https://seismica.library.mcgill.ca/article/download/1444/2075,https://doi.org/10.26443/seismica.v4i1.1444,Quantifying Rotation-Induced Errors in Near-Field Seismic Recordings: Assessing Impact on Rotation and Acceleration Measurements.,https://seismica.library.mcgill.ca/oai?metadataPrefix=oai_dc&verb=GetRecord&identifier=oai:ojs.crae.mcgill.ca:article/1444,https://seismica.library.mcgill.ca/article/view/1444
oai:ojs.crae.mcgill.ca:article/1447,2025-05-06T07:55:34Z,seis:ART,https://seismica.library.mcgill.ca/article/download/1447/1932,https://doi.org/10.26443/seismica.v4i1.1447,"Seismicity acceleration and clustering before the 2015 Mw 7.9 Gorkha earthquake, Nepal",https://seismica.library.mcgill.ca/oai?metadataPrefix=oai_dc&verb=GetRecord&identifier=oai:ojs.crae.mcgill.ca:article/1447,https://seismica.library.mcgill.ca/article/view/1447
oai:ojs.crae.mcgill.ca:article/1452,2025-02-14T21:49:45Z,seis:ART,https://seismica.library.mcgill.ca/article/download/1452/1806,https://doi.org/10.26443/seismica.v4i1.1452,Near-real-time design of experiments for seismic monitoring of volcanoes,https://seismica.library.mcgill.ca/oai?metadataPrefix=oai_dc&verb=GetRecord&identifier=oai:ojs.crae.mcgill.ca:article/1452,https://seismica.library.mcgill.ca/article/view/1452
oai:ojs.crae.mcgill.ca:article/1453,2025-06-13T08:59:31Z,seis:ART,https://seismica.library.mcgill.ca/article/download/1453/2074,https://doi.org/10.26443/seismica.v4i1.1453,Delineation of 3D crustal seismic structures beneath western Tibet and the Himalayan range using local earthquake tomography,https://seismica.library.mcgill.ca/oai?metadataPrefix=oai_dc&verb=GetRecord&identifier=oai:ojs.crae.mcgill.ca:article/1453,https://seismica.library.mcgill.ca/article/view/1453
oai:ojs.crae.mcgill.ca:article/1471,2025-06-02T13:32:15Z,seis:ART,https://seismica.library.mcgill.ca/article/download/1471/2029,https://doi.org/10.26443/seismica.v4i1.1471,Characterization and validation of tidally calibrated strains from the Alto Tiberina Near Fault Observatory Strainmeter Array (TABOO-NFO-STAR),https://seismica.library.mcgill.ca/oai?metadataPrefix=oai_dc&verb=GetRecord&identifier=oai:ojs.crae.mcgill.ca:article/1471,https://seismica.library.mcgill.ca/article/view/1471
oai:ojs.crae.mcgill.ca:article/1477,2025-05-08T14:58:30Z,seis:cascadia,https://seismica.library.mcgill.ca/article/download/1477/1951,https://doi.org/10.26443/seismica.v2i4.1477,No evidence for an active margin-spanning megasplay fault at the Cascadia Subduction Zone,https://seismica.library.mcgill.ca/oai?metadataPrefix=oai_dc&verb=GetRecord&identifier=oai:ojs.crae.mcgill.ca:article/1477,https://seismica.library.mcgill.ca/article/view/1477
oai:ojs.crae.mcgill.ca:article/1483,2025-04-11T15:09:32Z,seis:reports,https://seismica.library.mcgill.ca/article/download/1483/1909,https://doi.org/10.26443/seismica.v4i1.1483,WMSAN Python Package: From Oceanic Forcing to Synthetic Cross-correlations of Microseismic Noise,https://seismica.library.mcgill.ca/oai?metadataPrefix=oai_dc&verb=GetRecord&identifier=oai:ojs.crae.mcgill.ca:article/1483,https://seismica.library.mcgill.ca/article/view/1483
oai:ojs.crae.mcgill.ca:article/1488,2025-03-11T13:58:09Z,seis:ART,https://seismica.library.mcgill.ca/article/download/1488/1853,https://doi.org/10.26443/seismica.v4i1.1488,Unlocking DAS amplitude information through coherency coupling quantification,https://seismica.library.mcgill.ca/oai?metadataPrefix=oai_dc&verb=GetRecord&identifier=oai:ojs.crae.mcgill.ca:article/1488,https://seismica.library.mcgill.ca/article/view/1488
oai:ojs.crae.mcgill.ca:article/1490,2025-05-12T09:19:46Z,seis:ART,https://seismica.library.mcgill.ca/article/download/1490/1935,https://doi.org/10.26443/seismica.v4i1.1490,"A new consistent and high-precision earthquake catalogue for the Taup Volcanic Zone, New Zealand",https://seismica.library.mcgill.ca/oai?metadataPrefix=oai_dc&verb=GetRecord&identifier=oai:ojs.crae.mcgill.ca:article/1490,https://seismica.library.mcgill.ca/article/view/1490
oai:ojs.crae.mcgill.ca:article/1499,2025-02-25T15:27:05Z,seis:ART,https://seismica.library.mcgill.ca/article/download/1499/1829,https://doi.org/10.26443/seismica.v4i1.1499,On the location uncertainty of early-instrumental earthquakes,https://seismica.library.mcgill.ca/oai?metadataPrefix=oai_dc&verb=GetRecord&identifier=oai:ojs.crae.mcgill.ca:article/1499,https://seismica.library.mcgill.ca/article/view/1499
oai:ojs.crae.mcgill.ca:article/1505,2025-04-25T15:59:07Z,seis:ART,https://seismica.library.mcgill.ca/article/download/1505/1924,https://doi.org/10.26443/seismica.v4i1.1505,Picking first arrivals in hydroacoustic seismograms from MERMAID floats,https://seismica.library.mcgill.ca/oai?metadataPrefix=oai_dc&verb=GetRecord&identifier=oai:ojs.crae.mcgill.ca:article/1505,https://seismica.library.mcgill.ca/article/view/1505
oai:ojs.crae.mcgill.ca:article/1509,2025-05-19T13:36:11Z,seis:ART,https://seismica.library.mcgill.ca/article/download/1509/2017,https://doi.org/10.26443/seismica.v4i1.1509,Application of Neural Networks for Estimating Coseismic Slip Distribution Using Synthetic GNSS Data,https://seismica.library.mcgill.ca/oai?metadataPrefix=oai_dc&verb=GetRecord&identifier=oai:ojs.crae.mcgill.ca:article/1509,https://seismica.library.mcgill.ca/article/view/1509
oai:ojs.crae.mcgill.ca:article/1512,2025-02-04T17:01:47Z,seis:FR,https://seismica.library.mcgill.ca/article/download/1512/1789,https://doi.org/10.26443/seismica.v4i1.1512,"The propagation of seismic waves, misinformation, and disinformation from the 2024-10-05 M 4.5 Iran earthquake",https://seismica.library.mcgill.ca/oai?metadataPrefix=oai_dc&verb=GetRecord&identifier=oai:ojs.crae.mcgill.ca:article/1512,https://seismica.library.mcgill.ca/article/view/1512
oai:ojs.crae.mcgill.ca:article/1537,2025-04-01T19:06:27Z,seis:reports,https://seismica.library.mcgill.ca/article/download/1537/1896,https://doi.org/10.26443/seismica.v4i1.1537,"DOI, licence and citation uptake for seismological waveform data after 10 years of implementation effort",https://seismica.library.mcgill.ca/oai?metadataPrefix=oai_dc&verb=GetRecord&identifier=oai:ojs.crae.mcgill.ca:article/1537,https://seismica.library.mcgill.ca/article/view/1537
oai:ojs.crae.mcgill.ca:article/1561,2025-05-05T15:33:42Z,seis:Editorials,https://seismica.library.mcgill.ca/article/download/1561/1936,https://doi.org/10.26443/seismica.v4i1.1561,Seismica's Data and Code Policy in Action,https://seismica.library.mcgill.ca/oai?metadataPrefix=oai_dc&verb=GetRecord&identifier=oai:ojs.crae.mcgill.ca:article/1561,https://seismica.library.mcgill.ca/article/view/1561
oai:ojs.crae.mcgill.ca:article/1663,2025-05-29T20:27:54Z,seis:FR,https://seismica.library.mcgill.ca/article/download/1663/2026,https://doi.org/10.26443/seismica.v4i1.1663,The 20242025 seismic sequence in the Santorini-Amorgos region: Insights into volcano-tectonic activity through high-resolution seismic monitoring,https://seismica.library.mcgill.ca/oai?metadataPrefix=oai_dc&verb=GetRecord&identifier=oai:ojs.crae.mcgill.ca:article/1663,https://seismica.library.mcgill.ca/article/view/1663
oai:ojs.crae.mcgill.ca:article/1691,2025-06-17T07:23:36Z,seis:FR,https://seismica.library.mcgill.ca/article/download/1691/2019,https://doi.org/10.26443/seismica.v4i1.1691,"A multiple asymmetric bilateral rupture sequence derived from the peculiar tele-seismic P-waves of the 2025 Mandalay, Myanmar earthquake",https://seismica.library.mcgill.ca/oai?metadataPrefix=oai_dc&verb=GetRecord&identifier=oai:ojs.crae.mcgill.ca:article/1691,https://seismica.library.mcgill.ca/article/view/1691
